image_id,image_url,image_width,image_height,object_id,object_name,x,y,w,h
1,https://cs.stanford.edu/people/rak248/VG_100K_2/1.jpg,800,600,1058498,clock,421,91,79,339
1,https://cs.stanford.edu/people/rak248/VG_100K_2/1.jpg,800,600,5046,street,77,328,714,262
1,https://cs.stanford.edu/people/rak248/VG_100K_2/1.jpg,800,600,5045,shade,119,338,274,192
1,https://cs.stanford.edu/people/rak248/VG_100K_2/1.jpg,800,600,1058529,man,238,249,60,262
1,https://cs.stanford.edu/people/rak248/VG_100K_2/1.jpg,800,600,5048,sneakers,243,489,52,26
1,https://cs.stanford.edu/people/rak248/VG_100K_2/1.jpg,800,600,5050,headlight,514,366,23,15
1,https://cs.stanford.edu/people/rak248/VG_100K_2/1.jpg,800,600,5049,car,479,315,74,98
1,https://cs.stanford.edu/people/rak248/VG_100K_2/1.jpg,800,600,5051,bike,318,319,28,34
1,https://cs.stanford.edu/people/rak248/VG_100K_2/1.jpg,800,600,1058535,bike,334,319,29,35
1,https://cs.stanford.edu/people/rak248/VG_100K_2/1.jpg,800,600,1058507,sign,118,13,88,182
1,https://cs.stanford.edu/people/rak248/VG_100K_2/1.jpg,800,600,1058508,building,1,2,218,536
1,https://cs.stanford.edu/people/rak248/VG_100K_2/1.jpg,800,600,5055,tree trunk,622,234,87,327
1,https://cs.stanford.edu/people/rak248/VG_100K_2/1.jpg,800,600,1058534,sidewalk,77,331,722,266
1,https://cs.stanford.edu/people/rak248/VG_100K_2/1.jpg,800,600,1058511,shirt,241,289,59,101
1,https://cs.stanford.edu/people/rak248/VG_100K_2/1.jpg,800,600,1058539,street,358,283,440,233
1,https://cs.stanford.edu/people/rak248/VG_100K_2/1.jpg,800,600,1058515,car,708,342,91,174
1,https://cs.stanford.edu/people/rak248/VG_100K_2/1.jpg,800,600,5060,back,721,339,67,170
1,https://cs.stanford.edu/people/rak248/VG_100K_2/1.jpg,800,600,1058518,glasses,271,268,20,12
1,https://cs.stanford.edu/people/rak248/VG_100K_2/1.jpg,800,600,1058519,parking meter,574,327,32,143
1,https://cs.stanford.edu/people/rak248/VG_100K_2/1.jpg,800,600,1058525,shoes,391,481,46,34
1,https://cs.stanford.edu/people/rak248/VG_100K_2/1.jpg,800,600,1058532,man,372,264,75,251
1,https://cs.stanford.edu/people/rak248/VG_100K_2/1.jpg,800,600,1058528,pants,245,384,38,118
1,https://cs.stanford.edu/people/rak248/VG_100K_2/1.jpg,800,600,1058530,jacket,356,296,89,97
1,https://cs.stanford.edu/people/rak248/VG_100K_2/1.jpg,800,600,1058531,pants,382,369,54,128
1,https://cs.stanford.edu/people/rak248/VG_100K_2/1.jpg,800,600,1058536,work truck,521,271,265,185
1,https://cs.stanford.edu/people/rak248/VG_100K_2/1.jpg,800,600,3798575,sidewalk,343,318,50,189
1,https://cs.stanford.edu/people/rak248/VG_100K_2/1.jpg,800,600,1058541,chin,399,288,11,9
1,https://cs.stanford.edu/people/rak248/VG_100K_2/1.jpg,800,600,1058540,guy,369,264,82,250
1,https://cs.stanford.edu/people/rak248/VG_100K_2/1.jpg,800,600,1058542,van,529,298,233,134
1,https://cs.stanford.edu/people/rak248/VG_100K_2/1.jpg,800,600,1058543,wall,0,1,134,533
1,https://cs.stanford.edu/people/rak248/VG_100K_2/1.jpg,800,600,1058545,tree,249,0,176,360
1,https://cs.stanford.edu/people/rak248/VG_100K_2/1.jpg,800,600,1058544,bikes,321,319,40,35
1,https://cs.stanford.edu/people/rak248/VG_100K_2/1.jpg,800,600,1058546,arm,368,283,32,43
1,https://cs.stanford.edu/people/rak248/VG_100K_2/1.jpg,800,600,1058547,shirt,384,306,37,66
1,https://cs.stanford.edu/people/rak248/VG_100K_2/1.jpg,800,600,3798576,man,362,264,97,248
1,https://cs.stanford.edu/people/rak248/VG_100K_2/1.jpg,800,600,3798577,man,230,251,72,264
1,https://cs.stanford.edu/people/rak248/VG_100K_2/1.jpg,800,600,3798578,road,435,295,340,218
1,https://cs.stanford.edu/people/rak248/VG_100K_2/1.jpg,800,600,1058548,lamp post,537,63,41,430
1,https://cs.stanford.edu/people/rak248/VG_100K_2/1.jpg,800,600,1058549,trees,190,0,606,557
1,https://cs.stanford.edu/people/rak248/VG_100K_2/1.jpg,800,600,3798579,windows,602,4,173,148
2,https://cs.stanford.edu/people/rak248/VG_100K/2.jpg,800,600,5069,walk sign,463,141,43,103
2,https://cs.stanford.edu/people/rak248/VG_100K/2.jpg,800,600,5071,backpack,359,362,72,81
2,https://cs.stanford.edu/people/rak248/VG_100K/2.jpg,800,600,1023838,man,324,320,142,255
2,https://cs.stanford.edu/people/rak248/VG_100K/2.jpg,800,600,1023836,car,239,347,136,126
2,https://cs.stanford.edu/people/rak248/VG_100K/2.jpg,800,600,1023841,road,3,321,372,279
2,https://cs.stanford.edu/people/rak248/VG_100K/2.jpg,800,600,5074,tree,0,146,73,223
2,https://cs.stanford.edu/people/rak248/VG_100K/2.jpg,800,600,5075,tree,58,155,61,201
2,https://cs.stanford.edu/people/rak248/VG_100K/2.jpg,800,600,5076,tree,110,195,83,163
2,https://cs.stanford.edu/people/rak248/VG_100K/2.jpg,800,600,5077,crosswalk,0,492,366,107
2,https://cs.stanford.edu/people/rak248/VG_100K/2.jpg,800,600,1023813,sidewalk,384,343,415,247
2,https://cs.stanford.edu/people/rak248/VG_100K/2.jpg,800,600,5084,window,628,64,26,179
2,https://cs.stanford.edu/people/rak248/VG_100K/2.jpg,800,600,5080,window,645,60,99,179
2,https://cs.stanford.edu/people/rak248/VG_100K/2.jpg,800,600,5081,window,742,71,57,159
2,https://cs.stanford.edu/people/rak248/VG_100K/2.jpg,800,600,5082,window,644,259,105,114
2,https://cs.stanford.edu/people/rak248/VG_100K/2.jpg,800,600,5083,window,746,259,52,108
2,https://cs.stanford.edu/people/rak248/VG_100K/2.jpg,800,600,1023819,building,547,4,251,384
2,https://cs.stanford.edu/people/rak248/VG_100K/2.jpg,800,600,5085,car,346,327,86,76
2,https://cs.stanford.edu/people/rak248/VG_100K/2.jpg,800,600,5086,street light,288,212,28,131
2,https://cs.stanford.edu/people/rak248/VG_100K/2.jpg,800,600,1023823,sign,230,287,22,67
2,https://cs.stanford.edu/people/rak248/VG_100K/2.jpg,800,600,5088,sneakers,339,533,132,37
2,https://cs.stanford.edu/people/rak248/VG_100K/2.jpg,800,600,5089,bike,415,403,33,69
2,https://cs.stanford.edu/people/rak248/VG_100K/2.jpg,800,600,5090,"""walk""",471,193,31,15
2,https://cs.stanford.edu/people/rak248/VG_100K/2.jpg,800,600,1023844,trees,9,147,198,211
2,https://cs.stanford.edu/people/rak248/VG_100K/2.jpg,800,600,1023845,street light,377,37,122,429
2,https://cs.stanford.edu/people/rak248/VG_100K/2.jpg,800,600,1023846,building,165,13,282,298
2,https://cs.stanford.edu/people/rak248/VG_100K/2.jpg,800,600,1023847,pole,405,34,78,438
2,https://cs.stanford.edu/people/rak248/VG_100K/2.jpg,800,600,1023848,lights,227,284,32,26
3,https://cs.stanford.edu/people/rak248/VG_100K/3.jpg,640,480,5091,office phone,456,266,98,79
3,https://cs.stanford.edu/people/rak248/VG_100K/3.jpg,640,480,5092,outlet,83,202,17,24
3,https://cs.stanford.edu/people/rak248/VG_100K/3.jpg,640,480,5093,outlet,42,207,22,29
3,https://cs.stanford.edu/people/rak248/VG_100K/3.jpg,640,480,1060286,keyboard,168,273,175,48
3,https://cs.stanford.edu/people/rak248/VG_100K/3.jpg,640,480,1060246,monitor,159,119,149,155
3,https://cs.stanford.edu/people/rak248/VG_100K/3.jpg,640,480,5096,cpu,212,340,88,139
3,https://cs.stanford.edu/people/rak248/VG_100K/3.jpg,640,480,5097,desktop,129,233,510,244
3,https://cs.stanford.edu/people/rak248/VG_100K/3.jpg,640,480,5098,filing cabinet,2,269,139,201
3,https://cs.stanford.edu/people/rak248/VG_100K/3.jpg,640,480,5099,drawer,48,423,94,42
3,https://cs.stanford.edu/people/rak248/VG_100K/3.jpg,640,480,1060251,drawer,2,321,128,123
3,https://cs.stanford.edu/people/rak248/VG_100K/3.jpg,640,480,5101,computer case,574,270,65,134
3,https://cs.stanford.edu/people/rak248/VG_100K/3.jpg,640,480,1060253,mouse,346,296,29,28
3,https://cs.stanford.edu/people/rak248/VG_100K/3.jpg,640,480,5103,wireless phone,465,268,38,61
3,https://cs.stanford.edu/people/rak248/VG_100K/3.jpg,640,480,5104,office phone base,465,277,73,66
3,https://cs.stanford.edu/people/rak248/VG_100K/3.jpg,640,480,1060282,desk,130,235,506,241
3,https://cs.stanford.edu/people/rak248/VG_100K/3.jpg,640,480,5106,multiple outlet,42,190,89,48
3,https://cs.stanford.edu/people/rak248/VG_100K/3.jpg,640,480,5107,plug,43,208,26,33
3,https://cs.stanford.edu/people/rak248/VG_100K/3.jpg,640,480,5108,plug,66,207,15,21
3,https://cs.stanford.edu/people/rak248/VG_100K/3.jpg,640,480,5109,plug,85,200,16,25
3,https://cs.stanford.edu/people/rak248/VG_100K/3.jpg,640,480,5110,plug,106,200,17,23
3,https://cs.stanford.edu/people/rak248/VG_100K/3.jpg,640,480,1060269,girl,544,89,94,149
3,https://cs.stanford.edu/people/rak248/VG_100K/3.jpg,640,480,1060270,monitor,417,63,82,50
3,https://cs.stanford.edu/people/rak248/VG_100K/3.jpg,640,480,1060274,wall,3,6,258,265
3,https://cs.stanford.edu/people/rak248/VG_100K/3.jpg,640,480,5114,hair,585,98,55,109
3,https://cs.stanford.edu/people/rak248/VG_100K/3.jpg,640,480,5115,chain,593,166,34,17
3,https://cs.stanford.edu/people/rak248/VG_100K/3.jpg,640,480,1060281,pen,405,323,53,16
3,https://cs.stanford.edu/people/rak248/VG_100K/3.jpg,640,480,5117,cable,137,408,52,58
3,https://cs.stanford.edu/people/rak248/VG_100K/3.jpg,640,480,5118,floor,110,340,390,139
3,https://cs.stanford.edu/people/rak248/VG_100K/3.jpg,640,480,5119,cable,150,387,84,40
3,https://cs.stanford.edu/people/rak248/VG_100K/3.jpg,640,480,1060261,pluged,42,190,89,48
3,https://cs.stanford.edu/people/rak248/VG_100K/3.jpg,640,480,1060252,bag,574,270,65,134
3,https://cs.stanford.edu/people/rak248/VG_100K/3.jpg,640,480,1060287,wall,304,30,217,97
3,https://cs.stanford.edu/people/rak248/VG_100K/3.jpg,640,480,1060277,black hair,585,98,55,109
3,https://cs.stanford.edu/people/rak248/VG_100K/3.jpg,640,480,1060242,telephone,456,266,98,79
3,https://cs.stanford.edu/people/rak248/VG_100K/3.jpg,640,480,1060288,white top,538,174,101,68
3,https://cs.stanford.edu/people/rak248/VG_100K/3.jpg,640,480,1060289,strap,570,333,69,81
3,https://cs.stanford.edu/people/rak248/VG_100K/3.jpg,640,480,1060291,cubicles,125,71,513,402
3,https://cs.stanford.edu/people/rak248/VG_100K/3.jpg,640,480,1060290,dividing screen,243,81,300,204
3,https://cs.stanford.edu/people/rak248/VG_100K/3.jpg,640,480,1060292,picture,210,2,61,44
3,https://cs.stanford.edu/people/rak248/VG_100K/3.jpg,640,480,1060294,picture,421,105,99,95
3,https://cs.stanford.edu/people/rak248/VG_100K/3.jpg,640,480,1060293,computer,413,56,101,57
3,https://cs.stanford.edu/people/rak248/VG_100K/3.jpg,640,480,1060295,cables,59,211,81,89
3,https://cs.stanford.edu/people/rak248/VG_100K/3.jpg,640,480,1060297,wall,3,2,552,65
3,https://cs.stanford.edu/people/rak248/VG_100K/3.jpg,640,480,1060296,photos,209,3,341,45
3,https://cs.stanford.edu/people/rak248/VG_100K/3.jpg,640,480,1060248,table,129,233,510,244
3,https://cs.stanford.edu/people/rak248/VG_100K/3.jpg,640,480,1060298,handle,18,353,81,44
3,https://cs.stanford.edu/people/rak248/VG_100K/3.jpg,640,480,1060299,floor,125,376,141,95
3,https://cs.stanford.edu/people/rak248/VG_100K/3.jpg,640,480,1060300,necklace,585,169,32,15
3,https://cs.stanford.edu/people/rak248/VG_100K/3.jpg,640,480,1060245,grey keys,168,273,175,48
3,https://cs.stanford.edu/people/rak248/VG_100K/3.jpg,640,480,1060301,desk,532,156,52,52
3,https://cs.stanford.edu/people/rak248/VG_100K/3.jpg,640,480,1060247,computer tower,212,340,88,139
3,https://cs.stanford.edu/people/rak248/VG_100K/3.jpg,640,480,1060249,cabinet,2,269,139,201
4,https://cs.stanford.edu/people/rak248/VG_100K/4.jpg,640,480,1060302,curtains,360,1,280,300
4,https://cs.stanford.edu/people/rak248/VG_100K/4.jpg,640,480,1060303,chair,387,214,92,157
4,https://cs.stanford.edu/people/rak248/VG_100K/4.jpg,640,480,5123,padding,407,284,72,27
4,https://cs.stanford.edu/people/rak248/VG_100K/4.jpg,640,480,1060318,pillow,183,222,111,86
4,https://cs.stanford.edu/people/rak248/VG_100K/4.jpg,640,480,1060306,carpet,2,321,629,157
4,https://cs.stanford.edu/people/rak248/VG_100K/4.jpg,640,480,1060307,floor,1,290,631,188
4,https://cs.stanford.edu/people/rak248/VG_100K/4.jpg,640,480,1060308,desk,0,337,67,141
4,https://cs.stanford.edu/people/rak248/VG_100K/4.jpg,640,480,1060310,couch,105,210,260,172
4,https://cs.stanford.edu/people/rak248/VG_100K/4.jpg,640,480,1060311,teddy bear,211,251,52,57
4,https://cs.stanford.edu/people/rak248/VG_100K/4.jpg,640,480,5130,color,298,225,41,48
4,https://cs.stanford.edu/people/rak248/VG_100K/4.jpg,640,480,1060316,table top,413,242,227,51
4,https://cs.stanford.edu/people/rak248/VG_100K/4.jpg,640,480,5132,window,485,4,154,303
4,https://cs.stanford.edu/people/rak248/VG_100K/4.jpg,640,480,1060322,frame,103,274,265,107
4,https://cs.stanford.edu/people/rak248/VG_100K/4.jpg,640,480,1060324,table,412,238,224,200
4,https://cs.stanford.edu/people/rak248/VG_100K/4.jpg,640,480,5135,door,367,0,120,327
4,https://cs.stanford.edu/people/rak248/VG_100K/4.jpg,640,480,5136,patio,360,160,279,187
4,https://cs.stanford.edu/people/rak248/VG_100K/4.jpg,640,480,5137,color,575,38,22,38
4,https://cs.stanford.edu/people/rak248/VG_100K/4.jpg,640,480,5138,cloths,227,272,23,20
4,https://cs.stanford.edu/people/rak248/VG_100K/4.jpg,640,480,5139,seats,408,285,232,64
4,https://cs.stanford.edu/people/rak248/VG_100K/4.jpg,640,480,5140,colour,423,288,26,17
4,https://cs.stanford.edu/people/rak248/VG_100K/4.jpg,640,480,1060335,drape,362,0,149,282
4,https://cs.stanford.edu/people/rak248/VG_100K/4.jpg,640,480,1060336,picture,0,230,92,129
4,https://cs.stanford.edu/people/rak248/VG_100K/4.jpg,640,480,1060337,lamp,216,62,48,150
4,https://cs.stanford.edu/people/rak248/VG_100K/4.jpg,640,480,1060338,box,457,165,57,25
5,https://cs.stanford.edu/people/rak248/VG_100K/5.jpg,800,600,1060359,floor,2,490,349,108
5,https://cs.stanford.edu/people/rak248/VG_100K/5.jpg,800,600,5142,cables,301,448,49,88
5,https://cs.stanford.edu/people/rak248/VG_100K/5.jpg,800,600,1060342,chairs,141,351,408,242
5,https://cs.stanford.edu/people/rak248/VG_100K/5.jpg,800,600,1060360,wall,389,9,404,519
5,https://cs.stanford.edu/people/rak248/VG_100K/5.jpg,800,600,1060344,light,72,3,119,39
5,https://cs.stanford.edu/people/rak248/VG_100K/5.jpg,800,600,1060345,books,429,88,370,142
5,https://cs.stanford.edu/people/rak248/VG_100K/5.jpg,800,600,3798574,shelf,428,82,368,152
5,https://cs.stanford.edu/people/rak248/VG_100K/5.jpg,800,600,5147,area,147,212,567,370
5,https://cs.stanford.edu/people/rak248/VG_100K/5.jpg,800,600,1060348,chair,144,358,174,240
5,https://cs.stanford.edu/people/rak248/VG_100K/5.jpg,800,600,5155,color,170,453,19,40
5,https://cs.stanford.edu/people/rak248/VG_100K/5.jpg,800,600,1060350,computer monitor,194,278,101,101
5,https://cs.stanford.edu/people/rak248/VG_100K/5.jpg,800,600,5150,cpu,347,453,63,127
5,https://cs.stanford.edu/people/rak248/VG_100K/5.jpg,800,600,1060354,door,3,8,40,529
5,https://cs.stanford.edu/people/rak248/VG_100K/5.jpg,800,600,5152,windows,37,253,43,77
5,https://cs.stanford.edu/people/rak248/VG_100K/5.jpg,800,600,5153,windows,35,148,38,73
5,https://cs.stanford.edu/people/rak248/VG_100K/5.jpg,800,600,5154,colour,607,259,190,185
5,https://cs.stanford.edu/people/rak248/VG_100K/5.jpg,800,600,1060362,air conditioner,186,20,180,57
5,https://cs.stanford.edu/people/rak248/VG_100K/5.jpg,800,600,1060363,printer,297,325,93,50
5,https://cs.stanford.edu/people/rak248/VG_100K/5.jpg,800,600,1060364,shelves,425,132,372,102
5,https://cs.stanford.edu/people/rak248/VG_100K/5.jpg,800,600,1060366,window,42,41,91,387
5,https://cs.stanford.edu/people/rak248/VG_100K/5.jpg,800,600,1060365,railing,49,322,88,103
5,https://cs.stanford.edu/people/rak248/VG_100K/5.jpg,800,600,1060367,cork-board,552,430,162,138
5,https://cs.stanford.edu/people/rak248/VG_100K/5.jpg,800,600,1060368,desk,120,357,317,107
5,https://cs.stanford.edu/people/rak248/VG_100K/5.jpg,800,600,1060369,fax machine,311,378,92,35
5,https://cs.stanford.edu/people/rak248/VG_100K/5.jpg,800,600,1060370,keyboard,240,401,116,26
5,https://cs.stanford.edu/people/rak248/VG_100K/5.jpg,800,600,1060371,chair,377,348,166,251
5,https://cs.stanford.edu/people/rak248/VG_100K/5.jpg,800,600,1060372,window,44,148,87,90
5,https://cs.stanford.edu/people/rak248/VG_100K/5.jpg,800,600,1060373,paper,625,468,52,68
5,https://cs.stanford.edu/people/rak248/VG_100K/5.jpg,800,600,1060374,wall,145,3,245,528
5,https://cs.stanford.edu/people/rak248/VG_100K/5.jpg,800,600,1060351,computer,347,453,63,127
5,https://cs.stanford.edu/people/rak248/VG_100K/5.jpg,800,600,1060375,room,0,2,795,597
5,https://cs.stanford.edu/people/rak248/VG_100K/5.jpg,800,600,1060376,balcony,52,328,81,91
5,https://cs.stanford.edu/people/rak248/VG_100K/5.jpg,800,600,1060377,clothes,380,430,148,167
5,https://cs.stanford.edu/people/rak248/VG_100K/5.jpg,800,600,1060378,heater,421,529,113,69
6,https://cs.stanford.edu/people/rak248/VG_100K/6.jpg,800,600,1023953,apple,253,75,60,47
6,https://cs.stanford.edu/people/rak248/VG_100K/6.jpg,800,600,1023954,counter,245,14,68,114
6,https://cs.stanford.edu/people/rak248/VG_100K/6.jpg,800,600,5158,drinking bottle,487,75,104,90
6,https://cs.stanford.edu/people/rak248/VG_100K/6.jpg,800,600,5159,granite,476,77,122,307
6,https://cs.stanford.edu/people/rak248/VG_100K/6.jpg,800,600,5160,lid,685,331,113,265
6,https://cs.stanford.edu/people/rak248/VG_100K/6.jpg,800,600,5161,handle,747,485,29,26
6,https://cs.stanford.edu/people/rak248/VG_100K/6.jpg,800,600,1023966,fork,111,137,56,73
6,https://cs.stanford.edu/people/rak248/VG_100K/6.jpg,800,600,1023967,plate,38,102,238,117
6,https://cs.stanford.edu/people/rak248/VG_100K/6.jpg,800,600,5164,liquid,255,76,57,51
6,https://cs.stanford.edu/people/rak248/VG_100K/6.jpg,800,600,5165,bar stool,0,2,300,521
6,https://cs.stanford.edu/people/rak248/VG_100K/6.jpg,800,600,1023984,counter,2,11,797,520
6,https://cs.stanford.edu/people/rak248/VG_100K/6.jpg,800,600,1023972,container,599,73,187,116
6,https://cs.stanford.edu/people/rak248/VG_100K/6.jpg,800,600,1023975,glass,192,0,59,98
6,https://cs.stanford.edu/people/rak248/VG_100K/6.jpg,800,600,1023976,bowl,394,2,212,126
6,https://cs.stanford.edu/people/rak248/VG_100K/6.jpg,800,600,1023983,bag,629,101,144,158
6,https://cs.stanford.edu/people/rak248/VG_100K/6.jpg,800,600,1023985,pan,676,22,122,76
6,https://cs.stanford.edu/people/rak248/VG_100K/6.jpg,800,600,1023987,food,353,102,117,78
6,https://cs.stanford.edu/people/rak248/VG_100K/6.jpg,800,600,1023986,bag,349,48,133,134
6,https://cs.stanford.edu/people/rak248/VG_100K/6.jpg,800,600,1023988,apple,339,233,126,119
6,https://cs.stanford.edu/people/rak248/VG_100K/6.jpg,800,600,1023989,packet,208,217,55,59
6,https://cs.stanford.edu/people/rak248/VG_100K/6.jpg,800,600,1023957,bottle,476,77,122,307
6,https://cs.stanford.edu/people/rak248/VG_100K/6.jpg,800,600,1023990,glass,275,0,54,78
6,https://cs.stanford.edu/people/rak248/VG_100K/6.jpg,800,600,1023991,cover,600,56,147,46
6,https://cs.stanford.edu/people/rak248/VG_100K/6.jpg,800,600,1023992,utensil,593,200,79,33
6,https://cs.stanford.edu/people/rak248/VG_100K/6.jpg,800,600,1023994,leg,138,311,83,203
6,https://cs.stanford.edu/people/rak248/VG_100K/6.jpg,800,600,1023993,leg,7,268,55,130
6,https://cs.stanford.edu/people/rak248/VG_100K/6.jpg,800,600,1023970,chair,0,2,300,521
6,https://cs.stanford.edu/people/rak248/VG_100K/6.jpg,800,600,1023996,crumb,209,154,8,11
6,https://cs.stanford.edu/people/rak248/VG_100K/6.jpg,800,600,1023995,crumb,85,175,20,14
6,https://cs.stanford.edu/people/rak248/VG_100K/6.jpg,800,600,1023997,logo,484,256,108,112
7,https://cs.stanford.edu/people/rak248/VG_100K/7.jpg,800,600,1060380,telephone,525,393,85,65
7,https://cs.stanford.edu/people/rak248/VG_100K/7.jpg,800,600,5172,book,721,527,50,56
7,https://cs.stanford.edu/people/rak248/VG_100K/7.jpg,800,600,1060382,desk,583,515,213,77
7,https://cs.stanford.edu/people/rak248/VG_100K/7.jpg,800,600,1060383,juice bottle,193,354,36,58
7,https://cs.stanford.edu/people/rak248/VG_100K/7.jpg,800,600,1060412,desk,56,398,559,110
7,https://cs.stanford.edu/people/rak248/VG_100K/7.jpg,800,600,1060385,sticky note,266,361,34,26
7,https://cs.stanford.edu/people/rak248/VG_100K/7.jpg,800,600,1060386,monitor,222,255,170,130
7,https://cs.stanford.edu/people/rak248/VG_100K/7.jpg,800,600,5178,lady,6,316,144,268
7,https://cs.stanford.edu/people/rak248/VG_100K/7.jpg,800,600,5179,hair,5,320,28,49
7,https://cs.stanford.edu/people/rak248/VG_100K/7.jpg,800,600,1060389,white board,3,34,278,207
7,https://cs.stanford.edu/people/rak248/VG_100K/7.jpg,800,600,1060390,writing,20,65,99,164
7,https://cs.stanford.edu/people/rak248/VG_100K/7.jpg,800,600,1060394,headphones,263,424,66,32
7,https://cs.stanford.edu/people/rak248/VG_100K/7.jpg,800,600,5184,pants,97,549,73,44
7,https://cs.stanford.edu/people/rak248/VG_100K/7.jpg,800,600,1060401,woman,6,309,256,287
7,https://cs.stanford.edu/people/rak248/VG_100K/7.jpg,800,600,5185,papers,69,357,99,45
7,https://cs.stanford.edu/people/rak248/VG_100K/7.jpg,800,600,5186,cpu,369,549,72,47
7,https://cs.stanford.edu/people/rak248/VG_100K/7.jpg,800,600,5187,floor,184,526,257,73
7,https://cs.stanford.edu/people/rak248/VG_100K/7.jpg,800,600,1060406,pen,119,436,35,12
7,https://cs.stanford.edu/people/rak248/VG_100K/7.jpg,800,600,1060407,book,92,421,90,38
7,https://cs.stanford.edu/people/rak248/VG_100K/7.jpg,800,600,1060408,mouse,409,428,39,17
7,https://cs.stanford.edu/people/rak248/VG_100K/7.jpg,800,600,5191,wall,277,15,180,249
7,https://cs.stanford.edu/people/rak248/VG_100K/7.jpg,800,600,1060411,keyboard,243,392,143,37
7,https://cs.stanford.edu/people/rak248/VG_100K/7.jpg,800,600,1060413,wall,1,4,281,373
7,https://cs.stanford.edu/people/rak248/VG_100K/7.jpg,800,600,1060415,wrist,174,529,34,29
7,https://cs.stanford.edu/people/rak248/VG_100K/7.jpg,800,600,1060414,bracelet,190,534,10,17
7,https://cs.stanford.edu/people/rak248/VG_100K/7.jpg,800,600,1060416,wrist pad,231,413,150,13
7,https://cs.stanford.edu/people/rak248/VG_100K/7.jpg,800,600,1060417,mousepad,379,428,77,25
7,https://cs.stanford.edu/people/rak248/VG_100K/7.jpg,800,600,1060418,cd player,179,408,49,24
7,https://cs.stanford.edu/people/rak248/VG_100K/7.jpg,800,600,1060419,cereal,459,326,46,77
7,https://cs.stanford.edu/people/rak248/VG_100K/7.jpg,800,600,1060420,earring,15,384,13,22
7,https://cs.stanford.edu/people/rak248/VG_100K/7.jpg,800,600,1060421,water bottle,479,361,28,70
7,https://cs.stanford.edu/people/rak248/VG_100K/7.jpg,800,600,1060422,cables,385,477,36,88
7,https://cs.stanford.edu/people/rak248/VG_100K/7.jpg,800,600,1060423,mug,456,388,26,38
7,https://cs.stanford.edu/people/rak248/VG_100K/7.jpg,800,600,1060425,lid,586,481,184,73
7,https://cs.stanford.edu/people/rak248/VG_100K/7.jpg,800,600,1060424,laptop,589,481,178,83
7,https://cs.stanford.edu/people/rak248/VG_100K/7.jpg,800,600,1060426,lid,202,356,15,10
7,https://cs.stanford.edu/people/rak248/VG_100K/7.jpg,800,600,1060427,sweater,2,407,196,183
7,https://cs.stanford.edu/people/rak248/VG_100K/7.jpg,800,600,1060428,window,489,3,309,401
7,https://cs.stanford.edu/people/rak248/VG_100K/7.jpg,800,600,1060429,tape dispenser,555,450,46,45
7,https://cs.stanford.edu/people/rak248/VG_100K/7.jpg,800,600,1060430,blue jeans,87,530,225,69
7,https://cs.stanford.edu/people/rak248/VG_100K/7.jpg,800,600,1060431,chair,1,550,300,49
7,https://cs.stanford.edu/people/rak248/VG_100K/7.jpg,800,600,1060432,label,484,380,21,22
7,https://cs.stanford.edu/people/rak248/VG_100K/7.jpg,800,600,1060433,calculator,484,431,49,39
7,https://cs.stanford.edu/people/rak248/VG_100K/7.jpg,800,600,1060434,book,419,418,170,98
7,https://cs.stanford.edu/people/rak248/VG_100K/7.jpg,800,600,1060435,three hole punch,389,370,43,34
8,https://cs.stanford.edu/people/rak248/VG_100K/8.jpg,800,600,1060436,monitor,297,270,126,123
8,https://cs.stanford.edu/people/rak248/VG_100K/8.jpg,800,600,1060437,sleeves,222,384,117,96
8,https://cs.stanford.edu/people/rak248/VG_100K/8.jpg,800,600,1060459,man,117,286,266,312
8,https://cs.stanford.edu/people/rak248/VG_100K/8.jpg,800,600,1060439,drawers,369,495,148,104
8,https://cs.stanford.edu/people/rak248/VG_100K/8.jpg,800,600,5197,color,377,513,40,48
8,https://cs.stanford.edu/people/rak248/VG_100K/8.jpg,800,600,1060441,cd,666,550,74,42
8,https://cs.stanford.edu/people/rak248/VG_100K/8.jpg,800,600,1060442,desk,580,402,219,191
8,https://cs.stanford.edu/people/rak248/VG_100K/8.jpg,800,600,1060471,cup,446,398,51,75
8,https://cs.stanford.edu/people/rak248/VG_100K/8.jpg,800,600,1060463,desk,27,329,544,267
8,https://cs.stanford.edu/people/rak248/VG_100K/8.jpg,800,600,1060445,hand,334,400,48,47
8,https://cs.stanford.edu/people/rak248/VG_100K/8.jpg,800,600,1060446,keyboard,282,383,155,64
8,https://cs.stanford.edu/people/rak248/VG_100K/8.jpg,800,600,1060450,glasses,232,322,28,26
8,https://cs.stanford.edu/people/rak248/VG_100K/8.jpg,800,600,1060451,shirt,115,375,230,225
8,https://cs.stanford.edu/people/rak248/VG_100K/8.jpg,800,600,1060453,dish,171,254,40,31
8,https://cs.stanford.edu/people/rak248/VG_100K/8.jpg,800,600,1060454,cpu,126,271,113,131
8,https://cs.stanford.edu/people/rak248/VG_100K/8.jpg,800,600,1060455,picture,699,135,97,73
8,https://cs.stanford.edu/people/rak248/VG_100K/8.jpg,800,600,1060456,wall,596,0,203,434
8,https://cs.stanford.edu/people/rak248/VG_100K/8.jpg,800,600,1060462,stapler,520,444,22,35
8,https://cs.stanford.edu/people/rak248/VG_100K/8.jpg,800,600,5211,bag,704,288,81,27
8,https://cs.stanford.edu/people/rak248/VG_100K/8.jpg,800,600,1060465,papers,672,285,127,46
8,https://cs.stanford.edu/people/rak248/VG_100K/8.jpg,800,600,1060475,drawer,364,495,148,89
8,https://cs.stanford.edu/people/rak248/VG_100K/8.jpg,800,600,5213,cup,142,167,26,52
8,https://cs.stanford.edu/people/rak248/VG_100K/8.jpg,800,600,1060469,shelf,0,215,207,36
8,https://cs.stanford.edu/people/rak248/VG_100K/8.jpg,800,600,5215,mug,719,472,44,58
8,https://cs.stanford.edu/people/rak248/VG_100K/8.jpg,800,600,5216,front,602,536,196,63
8,https://cs.stanford.edu/people/rak248/VG_100K/8.jpg,800,600,1060443,coffee mug,446,398,51,75
8,https://cs.stanford.edu/people/rak248/VG_100K/8.jpg,800,600,1060477,papers,585,315,177,129
8,https://cs.stanford.edu/people/rak248/VG_100K/8.jpg,800,600,1060476,bulletin board,588,300,193,182
8,https://cs.stanford.edu/people/rak248/VG_100K/8.jpg,800,600,1060478,files,666,290,66,15
8,https://cs.stanford.edu/people/rak248/VG_100K/8.jpg,800,600,1060479,computer speaker,249,347,51,63
8,https://cs.stanford.edu/people/rak248/VG_100K/8.jpg,800,600,1060480,chin,229,360,29,23
8,https://cs.stanford.edu/people/rak248/VG_100K/8.jpg,800,600,1060482,papers,474,337,60,60
8,https://cs.stanford.edu/people/rak248/VG_100K/8.jpg,800,600,1060481,folder,459,315,91,142
8,https://cs.stanford.edu/people/rak248/VG_100K/8.jpg,800,600,1060483,books,2,32,160,93
8,https://cs.stanford.edu/people/rak248/VG_100K/8.jpg,800,600,1060484,mouse,421,426,35,29
8,https://cs.stanford.edu/people/rak248/VG_100K/8.jpg,800,600,1060485,book,86,154,58,64
8,https://cs.stanford.edu/people/rak248/VG_100K/8.jpg,800,600,1060486,drawer,594,554,189,45
8,https://cs.stanford.edu/people/rak248/VG_100K/8.jpg,800,600,1060488,pants,208,510,158,89
8,https://cs.stanford.edu/people/rak248/VG_100K/8.jpg,800,600,1060489,chair,10,471,152,127
8,https://cs.stanford.edu/people/rak248/VG_100K/8.jpg,800,600,1060490,coffee mug,434,391,67,85
8,https://cs.stanford.edu/people/rak248/VG_100K/8.jpg,800,600,1060491,shelves,3,2,227,261
9,https://cs.stanford.edu/people/rak248/VG_100K/9.jpg,640,480,1024073,room,4,1,635,477
9,https://cs.stanford.edu/people/rak248/VG_100K/9.jpg,640,480,1024074,lights,209,7,331,88
9,https://cs.stanford.edu/people/rak248/VG_100K/9.jpg,640,480,1060508,monitor,286,210,65,59
9,https://cs.stanford.edu/people/rak248/VG_100K/9.jpg,640,480,5220,mouse pad,55,415,89,39
9,https://cs.stanford.edu/people/rak248/VG_100K/9.jpg,640,480,5221,desk,5,387,162,92
9,https://cs.stanford.edu/people/rak248/VG_100K/9.jpg,640,480,1060497,chair,153,284,101,146
9,https://cs.stanford.edu/people/rak248/VG_100K/9.jpg,640,480,1060498,bottle,126,281,24,39
9,https://cs.stanford.edu/people/rak248/VG_100K/9.jpg,640,480,1060499,desk,71,280,169,65
9,https://cs.stanford.edu/people/rak248/VG_100K/9.jpg,640,480,1060500,windows,351,81,286,173
9,https://cs.stanford.edu/people/rak248/VG_100K/9.jpg,640,480,5226,outside,570,93,69,151
9,https://cs.stanford.edu/people/rak248/VG_100K/9.jpg,640,480,5227,blinds,346,84,91,143
9,https://cs.stanford.edu/people/rak248/VG_100K/9.jpg,640,480,5228,window,354,83,92,157
9,https://cs.stanford.edu/people/rak248/VG_100K/9.jpg,640,480,1060505,computer,543,243,54,50
9,https://cs.stanford.edu/people/rak248/VG_100K/9.jpg,640,480,5230,posters,69,339,100,85
9,https://cs.stanford.edu/people/rak248/VG_100K/9.jpg,640,480,1060507,wall,26,323,156,148
9,https://cs.stanford.edu/people/rak248/VG_100K/9.jpg,640,480,5232,desk,261,260,178,93
9,https://cs.stanford.edu/people/rak248/VG_100K/9.jpg,640,480,1060511,bin,425,297,36,52
9,https://cs.stanford.edu/people/rak248/VG_100K/9.jpg,640,480,1060513,ceiling,70,3,569,91
9,https://cs.stanford.edu/people/rak248/VG_100K/9.jpg,640,480,1060514,corkboard,22,135,66,104
9,https://cs.stanford.edu/people/rak248/VG_100K/9.jpg,640,480,5236,chair,495,223,29,58
9,https://cs.stanford.edu/people/rak248/VG_100K/9.jpg,640,480,1060517,shelves,168,138,97,225
9,https://cs.stanford.edu/people/rak248/VG_100K/9.jpg,640,480,1060518,books,197,216,59,43
9,https://cs.stanford.edu/people/rak248/VG_100K/9.jpg,640,480,1060519,keyboard,542,277,50,18
9,https://cs.stanford.edu/people/rak248/VG_100K/9.jpg,640,480,1060520,desk,503,241,135,60
9,https://cs.stanford.edu/people/rak248/VG_100K/9.jpg,640,480,1060521,book,410,382,80,43
9,https://cs.stanford.edu/people/rak248/VG_100K/9.jpg,640,480,1060529,lights,472,61,62,27
9,https://cs.stanford.edu/people/rak248/VG_100K/9.jpg,640,480,1060528,lights,322,69,61,25
9,https://cs.stanford.edu/people/rak248/VG_100K/9.jpg,640,480,1060527,lights,415,9,99,40
9,https://cs.stanford.edu/people/rak248/VG_100K/9.jpg,640,480,1060526,lights,212,26,87,33
9,https://cs.stanford.edu/people/rak248/VG_100K/9.jpg,640,480,1060530,monitor,96,221,106,76
9,https://cs.stanford.edu/people/rak248/VG_100K/9.jpg,640,480,1060531,wall,3,0,351,368
9,https://cs.stanford.edu/people/rak248/VG_100K/9.jpg,640,480,1060532,floor,6,286,634,194
9,https://cs.stanford.edu/people/rak248/VG_100K/9.jpg,640,480,1060533,desk,388,367,250,112
9,https://cs.stanford.edu/people/rak248/VG_100K/9.jpg,640,480,1060534,baby,236,120,27,38
9,https://cs.stanford.edu/people/rak248/VG_100K/9.jpg,640,480,1060535,tower,253,277,56,74
9,https://cs.stanford.edu/people/rak248/VG_100K/9.jpg,640,480,1060536,desk,251,247,184,42
9,https://cs.stanford.edu/people/rak248/VG_100K/9.jpg,640,480,1060537,cables,298,286,128,59
9,https://cs.stanford.edu/people/rak248/VG_100K/9.jpg,640,480,1060538,building,562,127,76,127
9,https://cs.stanford.edu/people/rak248/VG_100K/9.jpg,640,480,1060539,windows,564,73,76,182
9,https://cs.stanford.edu/people/rak248/VG_100K/9.jpg,640,480,1060540,papers,427,372,68,40
9,https://cs.stanford.edu/people/rak248/VG_100K/9.jpg,640,480,1060541,wheels,231,408,14,16
9,https://cs.stanford.edu/people/rak248/VG_100K/9.jpg,640,480,1060542,tube,151,131,87,17
10,https://cs.stanford.edu/people/rak248/VG_100K/10.jpg,800,600,1060590,headphones,22,488,99,48
10,https://cs.stanford.edu/people/rak248/VG_100K/10.jpg,800,600,1060591,desk,0,368,472,231
10,https://cs.stanford.edu/people/rak248/VG_100K/10.jpg,800,600,5244,charger,231,543,23,28
10,https://cs.stanford.edu/people/rak248/VG_100K/10.jpg,800,600,1060546,cable,161,562,77,18
10,https://cs.stanford.edu/people/rak248/VG_100K/10.jpg,800,600,1060584,cpu,354,435,97,126
10,https://cs.stanford.edu/people/rak248/VG_100K/10.jpg,800,600,1060585,floor,77,472,721,126
10,https://cs.stanford.edu/people/rak248/VG_100K/10.jpg,800,600,1060586,cpu,422,436,89,122
10,https://cs.stanford.edu/people/rak248/VG_100K/10.jpg,800,600,1060550,man,576,270,128,149
10,https://cs.stanford.edu/people/rak248/VG_100K/10.jpg,800,600,1060551,coat,532,354,146,216
10,https://cs.stanford.edu/people/rak248/VG_100K/10.jpg,800,600,1024113,wall,3,2,796,530
10,https://cs.stanford.edu/people/rak248/VG_100K/10.jpg,800,600,5252,board,142,142,105,145
10,https://cs.stanford.edu/people/rak248/VG_100K/10.jpg,800,600,1060559,chair,558,352,157,203
10,https://cs.stanford.edu/people/rak248/VG_100K/10.jpg,800,600,5254,back,558,352,116,140
10,https://cs.stanford.edu/people/rak248/VG_100K/10.jpg,800,600,1060564,bookshelf,423,151,174,358
10,https://cs.stanford.edu/people/rak248/VG_100K/10.jpg,800,600,5256,papers,460,357,96,41
10,https://cs.stanford.edu/people/rak248/VG_100K/10.jpg,800,600,1060567,shelf,459,327,127,18
10,https://cs.stanford.edu/people/rak248/VG_100K/10.jpg,800,600,5258,papers,456,401,95,51
10,https://cs.stanford.edu/people/rak248/VG_100K/10.jpg,800,600,5259,shelf,460,387,103,16
10,https://cs.stanford.edu/people/rak248/VG_100K/10.jpg,800,600,5260,papers,504,450,45,32
10,https://cs.stanford.edu/people/rak248/VG_100K/10.jpg,800,600,5261,shelf,486,439,58,18
10,https://cs.stanford.edu/people/rak248/VG_100K/10.jpg,800,600,5262,shelf,510,471,58,37
10,https://cs.stanford.edu/people/rak248/VG_100K/10.jpg,800,600,1060573,cup,57,441,36,41
10,https://cs.stanford.edu/people/rak248/VG_100K/10.jpg,800,600,1060575,papers,0,381,314,162
10,https://cs.stanford.edu/people/rak248/VG_100K/10.jpg,800,600,1024116,picture frame,142,142,105,145
10,https://cs.stanford.edu/people/rak248/VG_100K/10.jpg,800,600,1060594,books,462,273,127,67
10,https://cs.stanford.edu/people/rak248/VG_100K/10.jpg,800,600,1060595,ostirch,579,122,25,62
10,https://cs.stanford.edu/people/rak248/VG_100K/10.jpg,800,600,1060596,ostrich,581,125,24,64
10,https://cs.stanford.edu/people/rak248/VG_100K/10.jpg,800,600,1060598,computer,280,277,147,140
10,https://cs.stanford.edu/people/rak248/VG_100K/10.jpg,800,600,1060597,bottle,267,372,21,41
10,https://cs.stanford.edu/people/rak248/VG_100K/10.jpg,800,600,1060599,desk,609,315,190,101
10,https://cs.stanford.edu/people/rak248/VG_100K/10.jpg,800,600,1060600,computer screen,657,293,80,63
10,https://cs.stanford.edu/people/rak248/VG_100K/10.jpg,800,600,1060601,computer,649,278,105,119
10,https://cs.stanford.edu/people/rak248/VG_100K/10.jpg,800,600,1060602,shirt,586,306,115,105
10,https://cs.stanford.edu/people/rak248/VG_100K/10.jpg,800,600,1060603,monitor,647,282,107,97
10,https://cs.stanford.edu/people/rak248/VG_100K/10.jpg,800,600,1060604,keyboard,305,386,130,35
10,https://cs.stanford.edu/people/rak248/VG_100K/10.jpg,800,600,1060605,outlet,217,548,65,36
10,https://cs.stanford.edu/people/rak248/VG_100K/10.jpg,800,600,1060606,table,2,395,200,204
10,https://cs.stanford.edu/people/rak248/VG_100K/10.jpg,800,600,1060609,panes,316,308,61,32
10,https://cs.stanford.edu/people/rak248/VG_100K/10.jpg,800,600,1060608,screen,314,295,86,73
10,https://cs.stanford.edu/people/rak248/VG_100K/10.jpg,800,600,1060607,monitor,278,280,129,113
10,https://cs.stanford.edu/people/rak248/VG_100K/10.jpg,800,600,1060610,corkboard,158,157,81,117
11,https://cs.stanford.edu/people/rak248/VG_100K/11.jpg,800,600,1060611,scene,26,20,741,552
11,https://cs.stanford.edu/people/rak248/VG_100K/11.jpg,800,600,5266,it,26,14,694,541
11,https://cs.stanford.edu/people/rak248/VG_100K/11.jpg,800,600,1060613,chair,244,186,283,390
11,https://cs.stanford.edu/people/rak248/VG_100K/11.jpg,800,600,1060643,desk,17,154,588,109
11,https://cs.stanford.edu/people/rak248/VG_100K/11.jpg,800,600,1060616,computer,16,16,232,211
11,https://cs.stanford.edu/people/rak248/VG_100K/11.jpg,800,600,1060619,box,10,285,164,133
11,https://cs.stanford.edu/people/rak248/VG_100K/11.jpg,800,600,5271,building,631,5,159,128
11,https://cs.stanford.edu/people/rak248/VG_100K/11.jpg,800,600,5272,window,485,3,314,183
11,https://cs.stanford.edu/people/rak248/VG_100K/11.jpg,800,600,1060623,mug,6,173,38,45
11,https://cs.stanford.edu/people/rak248/VG_100K/11.jpg,800,600,1060625,wall,6,8,44,170
11,https://cs.stanford.edu/people/rak248/VG_100K/11.jpg,800,600,5275,cpu,6,385,48,127
11,https://cs.stanford.edu/people/rak248/VG_100K/11.jpg,800,600,1060630,mouse,236,181,39,24
11,https://cs.stanford.edu/people/rak248/VG_100K/11.jpg,800,600,1060632,bowl,621,153,67,46
11,https://cs.stanford.edu/people/rak248/VG_100K/11.jpg,800,600,5278,table,602,158,197,129
11,https://cs.stanford.edu/people/rak248/VG_100K/11.jpg,800,600,5279,pot,772,120,27,86
11,https://cs.stanford.edu/people/rak248/VG_100K/11.jpg,800,600,5280,flowers,761,113,38,32
11,https://cs.stanford.edu/people/rak248/VG_100K/11.jpg,800,600,1060636,mouse pad,230,181,74,26
11,https://cs.stanford.edu/people/rak248/VG_100K/11.jpg,800,600,5282,clothing,350,112,171,41
11,https://cs.stanford.edu/people/rak248/VG_100K/11.jpg,800,600,5283,legs,246,488,285,104
11,https://cs.stanford.edu/people/rak248/VG_100K/11.jpg,800,600,5284,cabinet,399,250,147,191
11,https://cs.stanford.edu/people/rak248/VG_100K/11.jpg,800,600,1060642,cup,291,145,30,39
11,https://cs.stanford.edu/people/rak248/VG_100K/11.jpg,800,600,1060644,monitor,45,53,137,83
11,https://cs.stanford.edu/people/rak248/VG_100K/11.jpg,800,600,1060645,floor,159,341,440,151
11,https://cs.stanford.edu/people/rak248/VG_100K/11.jpg,800,600,1060622,sun,485,3,314,183
11,https://cs.stanford.edu/people/rak248/VG_100K/11.jpg,800,600,1060646,mouse,232,174,37,35
11,https://cs.stanford.edu/people/rak248/VG_100K/11.jpg,800,600,1060647,plate,609,177,64,31
11,https://cs.stanford.edu/people/rak248/VG_100K/11.jpg,800,600,1060648,bag,350,157,89,54
11,https://cs.stanford.edu/people/rak248/VG_100K/11.jpg,800,600,1060649,desk,612,182,188,90
11,https://cs.stanford.edu/people/rak248/VG_100K/11.jpg,800,600,1060634,plant,772,120,27,86
11,https://cs.stanford.edu/people/rak248/VG_100K/11.jpg,800,600,1060650,computer tower,8,375,68,158
11,https://cs.stanford.edu/people/rak248/VG_100K/11.jpg,800,600,1060651,lint,163,452,22,48
11,https://cs.stanford.edu/people/rak248/VG_100K/11.jpg,800,600,1060652,bag,24,380,99,78
11,https://cs.stanford.edu/people/rak248/VG_100K/11.jpg,800,600,1060635,plant,761,113,38,32
11,https://cs.stanford.edu/people/rak248/VG_100K/11.jpg,800,600,1060653,keys,150,200,39,14
11,https://cs.stanford.edu/people/rak248/VG_100K/11.jpg,800,600,1060654,arm rest,314,233,97,48
11,https://cs.stanford.edu/people/rak248/VG_100K/11.jpg,800,600,1060655,paperwork,479,155,121,77
11,https://cs.stanford.edu/people/rak248/VG_100K/11.jpg,800,600,1060656,blinds,528,12,221,130
11,https://cs.stanford.edu/people/rak248/VG_100K/11.jpg,800,600,1060657,keyboard,87,177,148,50
11,https://cs.stanford.edu/people/rak248/VG_100K/11.jpg,800,600,1060658,plant,744,107,49,43
12,https://cs.stanford.edu/people/rak248/VG_100K/12.jpg,800,600,1024186,composition book,52,426,121,91
12,https://cs.stanford.edu/people/rak248/VG_100K/12.jpg,800,600,1024187,computer keyboard,201,416,269,61
12,https://cs.stanford.edu/people/rak248/VG_100K/12.jpg,800,600,1024188,water bottle,1,335,42,121
12,https://cs.stanford.edu/people/rak248/VG_100K/12.jpg,800,600,5289,surge protector,220,538,316,22
12,https://cs.stanford.edu/people/rak248/VG_100K/12.jpg,800,600,1024216,desk,8,321,791,209
12,https://cs.stanford.edu/people/rak248/VG_100K/12.jpg,800,600,5291,inbox tray,709,149,90,63
12,https://cs.stanford.edu/people/rak248/VG_100K/12.jpg,800,600,5292,inbox tray,706,190,93,53
12,https://cs.stanford.edu/people/rak248/VG_100K/12.jpg,800,600,5293,inbox tray,705,216,94,55
12,https://cs.stanford.edu/people/rak248/VG_100K/12.jpg,800,600,5294,computer speaker,68,266,60,76
12,https://cs.stanford.edu/people/rak248/VG_100K/12.jpg,800,600,1024195,computer monitor,134,124,238,183
12,https://cs.stanford.edu/people/rak248/VG_100K/12.jpg,800,600,5296,sticky note,381,289,47,47
12,https://cs.stanford.edu/people/rak248/VG_100K/12.jpg,800,600,5297,paper,728,174,71,40
12,https://cs.stanford.edu/people/rak248/VG_100K/12.jpg,800,600,5298,paper,737,215,62,25
12,https://cs.stanford.edu/people/rak248/VG_100K/12.jpg,800,600,1024199,office chair,2,481,389,119
12,https://cs.stanford.edu/people/rak248/VG_100K/12.jpg,800,600,5300,armrest,198,538,191,53
12,https://cs.stanford.edu/people/rak248/VG_100K/12.jpg,800,600,5301,spots,84,435,84,71
12,https://cs.stanford.edu/people/rak248/VG_100K/12.jpg,800,600,5302,cpu,619,503,180,96
12,https://cs.stanford.edu/people/rak248/VG_100K/12.jpg,800,600,5303,telephone,672,346,119,68
12,https://cs.stanford.edu/people/rak248/VG_100K/12.jpg,800,600,1024208,wall,2,4,797,340
12,https://cs.stanford.edu/people/rak248/VG_100K/12.jpg,800,600,5305,pen,519,422,81,36
12,https://cs.stanford.edu/people/rak248/VG_100K/12.jpg,800,600,1024211,mouse,501,433,54,50
12,https://cs.stanford.edu/people/rak248/VG_100K/12.jpg,800,600,1024213,cup,645,302,52,66
12,https://cs.stanford.edu/people/rak248/VG_100K/12.jpg,800,600,1024220,computer keyboard,607,377,192,94
13,https://cs.stanford.edu/people/rak248/VG_100K/13.jpg,800,600,1060659,telephone,451,228,131,96
13,https://cs.stanford.edu/people/rak248/VG_100K/13.jpg,800,600,1060686,desk,3,260,589,337
13,https://cs.stanford.edu/people/rak248/VG_100K/13.jpg,800,600,1060661,baby,260,323,36,54
13,https://cs.stanford.edu/people/rak248/VG_100K/13.jpg,800,600,1060662,picture,235,283,76,104
13,https://cs.stanford.edu/people/rak248/VG_100K/13.jpg,800,600,1060663,wall,1,0,798,477
13,https://cs.stanford.edu/people/rak248/VG_100K/13.jpg,800,600,1060664,scissors,12,227,48,30
13,https://cs.stanford.edu/people/rak248/VG_100K/13.jpg,800,600,5314,desk,1,205,117,94
13,https://cs.stanford.edu/people/rak248/VG_100K/13.jpg,800,600,1060666,book,68,414,243,135
13,https://cs.stanford.edu/people/rak248/VG_100K/13.jpg,800,600,1060668,keyboard,238,304,211,169
13,https://cs.stanford.edu/people/rak248/VG_100K/13.jpg,800,600,1060669,orange cloth,561,254,234,342
13,https://cs.stanford.edu/people/rak248/VG_100K/13.jpg,800,600,1060670,chair,602,284,197,313
13,https://cs.stanford.edu/people/rak248/VG_100K/13.jpg,800,600,5319,pens,7,271,87,67
13,https://cs.stanford.edu/people/rak248/VG_100K/13.jpg,800,600,1060672,cup,13,325,64,71
13,https://cs.stanford.edu/people/rak248/VG_100K/13.jpg,800,600,1060673,monitor,93,53,269,316
13,https://cs.stanford.edu/people/rak248/VG_100K/13.jpg,800,600,1060674,mouse,425,309,58,39
13,https://cs.stanford.edu/people/rak248/VG_100K/13.jpg,800,600,1060675,pad,389,298,134,74
13,https://cs.stanford.edu/people/rak248/VG_100K/13.jpg,800,600,1060676,computer,294,391,196,200
13,https://cs.stanford.edu/people/rak248/VG_100K/13.jpg,800,600,1060680,calendar,681,0,118,169
13,https://cs.stanford.edu/people/rak248/VG_100K/13.jpg,800,600,3798613,photo,6,10,769,586
13,https://cs.stanford.edu/people/rak248/VG_100K/13.jpg,800,600,1060685,photo,362,205,62,97
13,https://cs.stanford.edu/people/rak248/VG_100K/13.jpg,800,600,1060689,floor,237,526,402,73
13,https://cs.stanford.edu/people/rak248/VG_100K/13.jpg,800,600,1060690,rolodex,105,333,162,96
13,https://cs.stanford.edu/people/rak248/VG_100K/13.jpg,800,600,1060691,tray,2,207,90,64
13,https://cs.stanford.edu/people/rak248/VG_100K/13.jpg,800,600,1060692,cord,482,307,54,287
13,https://cs.stanford.edu/people/rak248/VG_100K/13.jpg,800,600,1060694,pen,34,306,14,36
13,https://cs.stanford.edu/people/rak248/VG_100K/13.jpg,800,600,1060693,pen,42,269,43,69
13,https://cs.stanford.edu/people/rak248/VG_100K/13.jpg,800,600,1060695,post it note,291,451,63,40
13,https://cs.stanford.edu/people/rak248/VG_100K/13.jpg,800,600,1060696,picture,372,218,45,78
13,https://cs.stanford.edu/people/rak248/VG_100K/13.jpg,800,600,1060697,frame,360,207,65,99
13,https://cs.stanford.edu/people/rak248/VG_100K/13.jpg,800,600,1060698,paper,1,521,214,78
14,https://cs.stanford.edu/people/rak248/VG_100K/14.jpg,800,600,1060699,computer monitor,352,56,304,288
14,https://cs.stanford.edu/people/rak248/VG_100K/14.jpg,800,600,1060700,desk,8,288,790,310
14,https://cs.stanford.edu/people/rak248/VG_100K/14.jpg,800,600,1060701,lamp,630,170,165,269
14,https://cs.stanford.edu/people/rak248/VG_100K/14.jpg,800,600,1060702,shade,643,203,101,84
14,https://cs.stanford.edu/people/rak248/VG_100K/14.jpg,800,600,1060703,soda cup,105,206,97,172
14,https://cs.stanford.edu/people/rak248/VG_100K/14.jpg,800,600,1060704,jigsaw puzzle,35,83,331,247
14,https://cs.stanford.edu/people/rak248/VG_100K/14.jpg,800,600,5334,people,101,105,250,210
14,https://cs.stanford.edu/people/rak248/VG_100K/14.jpg,800,600,1060706,computer keyboard,140,380,392,176
14,https://cs.stanford.edu/people/rak248/VG_100K/14.jpg,800,600,1060707,wrist rest,141,461,393,94
14,https://cs.stanford.edu/people/rak248/VG_100K/14.jpg,800,600,1060708,bottle,316,480,60,95
14,https://cs.stanford.edu/people/rak248/VG_100K/14.jpg,800,600,1060709,sticky note,402,333,65,58
14,https://cs.stanford.edu/people/rak248/VG_100K/14.jpg,800,600,1060710,cd,7,407,96,60
14,https://cs.stanford.edu/people/rak248/VG_100K/14.jpg,800,600,1060711,cd case,0,393,143,95
14,https://cs.stanford.edu/people/rak248/VG_100K/14.jpg,800,600,1060712,pen,626,386,90,54
14,https://cs.stanford.edu/people/rak248/VG_100K/14.jpg,800,600,1060714,computer mouse,525,373,47,54
14,https://cs.stanford.edu/people/rak248/VG_100K/14.jpg,800,600,1060715,mouse pad,487,369,187,123
14,https://cs.stanford.edu/people/rak248/VG_100K/14.jpg,800,600,1060716,wrist rest,571,415,101,64
14,https://cs.stanford.edu/people/rak248/VG_100K/14.jpg,800,600,5345,computer,130,57,528,489
14,https://cs.stanford.edu/people/rak248/VG_100K/14.jpg,800,600,5346,picture,5,6,794,591
14,https://cs.stanford.edu/people/rak248/VG_100K/14.jpg,800,600,1060722,lamp stand,700,186,99,252
14,https://cs.stanford.edu/people/rak248/VG_100K/14.jpg,800,600,1060731,envelope,215,314,164,94
14,https://cs.stanford.edu/people/rak248/VG_100K/14.jpg,800,600,1060732,book,2,507,193,92
14,https://cs.stanford.edu/people/rak248/VG_100K/14.jpg,800,600,1060733,mark pen,482,344,22,50
14,https://cs.stanford.edu/people/rak248/VG_100K/14.jpg,800,600,1060734,cap,329,474,31,43
14,https://cs.stanford.edu/people/rak248/VG_100K/14.jpg,800,600,3798664,holder,0,379,141,128
14,https://cs.stanford.edu/people/rak248/VG_100K/14.jpg,800,600,1060735,lid,680,422,118,80
14,https://cs.stanford.edu/people/rak248/VG_100K/14.jpg,800,600,1060737,wall,0,1,754,366
14,https://cs.stanford.edu/people/rak248/VG_100K/14.jpg,800,600,1060736,dart,647,1,36,85
15,https://cs.stanford.edu/people/rak248/VG_100K/15.jpg,800,600,5348,monitor is off.,131,59,393,286
15,https://cs.stanford.edu/people/rak248/VG_100K/15.jpg,800,600,5349,mouse is white.,634,454,91,114
15,https://cs.stanford.edu/people/rak248/VG_100K/15.jpg,800,600,5350,paper on desk.,3,346,127,224
15,https://cs.stanford.edu/people/rak248/VG_100K/15.jpg,800,600,5351,pad is black.,551,450,216,149
15,https://cs.stanford.edu/people/rak248/VG_100K/15.jpg,800,600,5352,papers are here.,575,284,221,168
15,https://cs.stanford.edu/people/rak248/VG_100K/15.jpg,800,600,3798615,desk,15,279,740,315
15,https://cs.stanford.edu/people/rak248/VG_100K/15.jpg,800,600,5353,desk is grey.,531,365,237,101
15,https://cs.stanford.edu/people/rak248/VG_100K/15.jpg,800,600,5354,see grey desk.,93,507,528,92
15,https://cs.stanford.edu/people/rak248/VG_100K/15.jpg,800,600,5355,keyboard has white.,127,382,408,144
15,https://cs.stanford.edu/people/rak248/VG_100K/15.jpg,800,600,5356,thing on computer.,94,52,49,50
15,https://cs.stanford.edu/people/rak248/VG_100K/15.jpg,800,600,5357,powder on desk,61,336,62,90
15,https://cs.stanford.edu/people/rak248/VG_100K/15.jpg,800,600,5358,paper has corner.,2,407,150,189
15,https://cs.stanford.edu/people/rak248/VG_100K/15.jpg,800,600,5359,paper shows puzzle.,5,422,90,156
15,https://cs.stanford.edu/people/rak248/VG_100K/15.jpg,800,600,5360,paper has puzzle.,5,484,78,114
15,https://cs.stanford.edu/people/rak248/VG_100K/15.jpg,800,600,3798614,desk,16,282,743,266
15,https://cs.stanford.edu/people/rak248/VG_100K/15.jpg,800,600,5361,ketchup seen here.,765,458,35,56
15,https://cs.stanford.edu/people/rak248/VG_100K/15.jpg,800,600,5362,button is round.,320,354,34,36
15,https://cs.stanford.edu/people/rak248/VG_100K/15.jpg,800,600,5363,round button here.,312,360,23,24
15,https://cs.stanford.edu/people/rak248/VG_100K/15.jpg,800,600,5364,is wall white?,591,35,185,222
15,https://cs.stanford.edu/people/rak248/VG_100K/15.jpg,800,600,1060762,box,1,393,60,57
15,https://cs.stanford.edu/people/rak248/VG_100K/15.jpg,800,600,1060738,monitor,131,59,393,286
15,https://cs.stanford.edu/people/rak248/VG_100K/15.jpg,800,600,1060742,papers,575,284,221,168
15,https://cs.stanford.edu/people/rak248/VG_100K/15.jpg,800,600,1060739,mouse,634,454,91,114
15,https://cs.stanford.edu/people/rak248/VG_100K/15.jpg,800,600,1060763,grey,127,440,70,69
15,https://cs.stanford.edu/people/rak248/VG_100K/15.jpg,800,600,1060745,keyboard,127,382,408,144
15,https://cs.stanford.edu/people/rak248/VG_100K/15.jpg,800,600,1060764,box,2,168,51,150
15,https://cs.stanford.edu/people/rak248/VG_100K/15.jpg,800,600,1060765,key,1,494,49,66
15,https://cs.stanford.edu/people/rak248/VG_100K/15.jpg,800,600,1060740,gazette,3,346,127,224
15,https://cs.stanford.edu/people/rak248/VG_100K/15.jpg,800,600,1060766,desk,4,294,796,303
15,https://cs.stanford.edu/people/rak248/VG_100K/15.jpg,800,600,1060767,wall,1,0,796,303
15,https://cs.stanford.edu/people/rak248/VG_100K/15.jpg,800,600,1060768,monitor,81,44,481,350
15,https://cs.stanford.edu/people/rak248/VG_100K/15.jpg,800,600,1060769,label,313,356,30,24
15,https://cs.stanford.edu/people/rak248/VG_100K/15.jpg,800,600,1060770,sticker,93,52,40,40
15,https://cs.stanford.edu/people/rak248/VG_100K/15.jpg,800,600,1060771,room,1,3,797,595
15,https://cs.stanford.edu/people/rak248/VG_100K/15.jpg,800,600,1060772,computer,82,42,479,489
15,https://cs.stanford.edu/people/rak248/VG_100K/15.jpg,800,600,1060773,red,112,54,18,32
15,https://cs.stanford.edu/people/rak248/VG_100K/15.jpg,800,600,1060741,pad,551,450,216,149
15,https://cs.stanford.edu/people/rak248/VG_100K/15.jpg,800,600,1060774,thing,3,291,117,92
15,https://cs.stanford.edu/people/rak248/VG_100K/15.jpg,800,600,1060747,thing,94,52,49,50
16,https://cs.stanford.edu/people/rak248/VG_100K/16.jpg,800,600,5365,see four men.,298,198,249,183
16,https://cs.stanford.edu/people/rak248/VG_100K/16.jpg,800,600,3798582,street,4,226,256,370
16,https://cs.stanford.edu/people/rak248/VG_100K/16.jpg,800,600,5366,"grey car, parked.",96,224,138,132
16,https://cs.stanford.edu/people/rak248/VG_100K/16.jpg,800,600,5367,green trees seen.,309,7,114,199
16,https://cs.stanford.edu/people/rak248/VG_100K/16.jpg,800,600,5368,trees on roadside.,0,86,120,140
16,https://cs.stanford.edu/people/rak248/VG_100K/16.jpg,800,600,5369,man has glasses.,416,192,33,43
16,https://cs.stanford.edu/people/rak248/VG_100K/16.jpg,800,600,5370,see man's glasses.,416,199,22,20
16,https://cs.stanford.edu/people/rak248/VG_100K/16.jpg,800,600,5371,boy has pants.,306,285,35,86
16,https://cs.stanford.edu/people/rak248/VG_100K/16.jpg,800,600,3798584,boy,281,212,77,167
16,https://cs.stanford.edu/people/rak248/VG_100K/16.jpg,800,600,3798583,pants,295,287,46,81
16,https://cs.stanford.edu/people/rak248/VG_100K/16.jpg,800,600,5372,man has jeans.,466,290,51,78
16,https://cs.stanford.edu/people/rak248/VG_100K/16.jpg,800,600,3798586,man,446,203,74,181
16,https://cs.stanford.edu/people/rak248/VG_100K/16.jpg,800,600,3798585,jeans,457,290,49,82
16,https://cs.stanford.edu/people/rak248/VG_100K/16.jpg,800,600,5373,sign on pole.,195,27,46,154
16,https://cs.stanford.edu/people/rak248/VG_100K/16.jpg,800,600,5374,see pole's sign.,187,54,91,170
16,https://cs.stanford.edu/people/rak248/VG_100K/16.jpg,800,600,5375,crack is on road.,18,360,119,91
16,https://cs.stanford.edu/people/rak248/VG_100K/16.jpg,800,600,3798588,road,4,226,219,369
16,https://cs.stanford.edu/people/rak248/VG_100K/16.jpg,800,600,3798587,crack,3,381,113,113
16,https://cs.stanford.edu/people/rak248/VG_100K/16.jpg,800,600,5376,picture is outside.,16,4,556,202
16,https://cs.stanford.edu/people/rak248/VG_100K/16.jpg,800,600,5377,arrow on sidewalk.,102,454,75,30
16,https://cs.stanford.edu/people/rak248/VG_100K/16.jpg,800,600,5378,sidewalk has arrow.,108,444,52,39
16,https://cs.stanford.edu/people/rak248/VG_100K/16.jpg,800,600,5379,man has bag.,123,207,22,27
16,https://cs.stanford.edu/people/rak248/VG_100K/16.jpg,800,600,5380,see plastic bag.,125,208,12,15
16,https://cs.stanford.edu/people/rak248/VG_100K/16.jpg,800,600,5381,boys have jackets.,297,238,133,80
16,https://cs.stanford.edu/people/rak248/VG_100K/16.jpg,800,600,3798617,jackets,285,235,145,81
16,https://cs.stanford.edu/people/rak248/VG_100K/16.jpg,800,600,3798616,boys,288,213,139,161
16,https://cs.stanford.edu/people/rak248/VG_100K/16.jpg,800,600,5382,sign above curb.,166,3,170,393
16,https://cs.stanford.edu/people/rak248/VG_100K/16.jpg,800,600,3798618,curb,150,372,64,122
16,https://cs.stanford.edu/people/rak248/VG_100K/16.jpg,800,600,5383,window has bars.,714,8,54,198
16,https://cs.stanford.edu/people/rak248/VG_100K/16.jpg,800,600,5384,sign for parking.,167,1,114,64
16,https://cs.stanford.edu/people/rak248/VG_100K/16.jpg,800,600,5385,curb  by car.,108,223,167,95
16,https://cs.stanford.edu/people/rak248/VG_100K/16.jpg,800,600,5386,cones by road.,196,195,177,44
16,https://cs.stanford.edu/people/rak248/VG_100K/16.jpg,800,600,5387,see safety cones.,196,199,40,44
16,https://cs.stanford.edu/people/rak248/VG_100K/16.jpg,800,600,5388,see rig in distance.,200,156,77,71
16,https://cs.stanford.edu/people/rak248/VG_100K/16.jpg,800,600,3798661,street,11,494,778,84
16,https://cs.stanford.edu/people/rak248/VG_100K/16.jpg,800,600,3798660,male,452,206,68,167
16,https://cs.stanford.edu/people/rak248/VG_100K/16.jpg,800,600,3798659,male,408,193,43,94
16,https://cs.stanford.edu/people/rak248/VG_100K/16.jpg,800,600,3798658,male,368,235,58,144
16,https://cs.stanford.edu/people/rak248/VG_100K/16.jpg,800,600,3798657,male,283,210,66,168
16,https://cs.stanford.edu/people/rak248/VG_100K/16.jpg,800,600,1060803,street,19,201,127,281
16,https://cs.stanford.edu/people/rak248/VG_100K/16.jpg,800,600,1060776,car,96,224,138,132
16,https://cs.stanford.edu/people/rak248/VG_100K/16.jpg,800,600,1060804,sign,190,48,59,92
16,https://cs.stanford.edu/people/rak248/VG_100K/16.jpg,800,600,1060805,boy,361,227,64,143
16,https://cs.stanford.edu/people/rak248/VG_100K/16.jpg,800,600,1060806,building,82,9,153,197
16,https://cs.stanford.edu/people/rak248/VG_100K/16.jpg,800,600,1060807,man,452,165,59,213
16,https://cs.stanford.edu/people/rak248/VG_100K/16.jpg,800,600,1060808,parking meter,226,214,57,215
16,https://cs.stanford.edu/people/rak248/VG_100K/16.jpg,800,600,1060809,sidewalk,272,222,363,366
16,https://cs.stanford.edu/people/rak248/VG_100K/16.jpg,800,600,1060810,jacket,398,215,59,72
16,https://cs.stanford.edu/people/rak248/VG_100K/16.jpg,800,600,1060811,window,94,22,120,41
16,https://cs.stanford.edu/people/rak248/VG_100K/16.jpg,800,600,1060812,scene,3,16,776,480
16,https://cs.stanford.edu/people/rak248/VG_100K/16.jpg,800,600,1060775,guys,298,198,249,183
16,https://cs.stanford.edu/people/rak248/VG_100K/16.jpg,800,600,1060813,people,297,172,268,218
16,https://cs.stanford.edu/people/rak248/VG_100K/16.jpg,800,600,1060815,jacket,344,242,92,88
16,https://cs.stanford.edu/people/rak248/VG_100K/16.jpg,800,600,1060816,hair,409,190,31,17
16,https://cs.stanford.edu/people/rak248/VG_100K/16.jpg,800,600,1060817,cars,77,185,213,136
16,https://cs.stanford.edu/people/rak248/VG_100K/16.jpg,800,600,1060818,pole,193,116,33,415
16,https://cs.stanford.edu/people/rak248/VG_100K/16.jpg,800,600,1060819,bag,497,301,59,74
16,https://cs.stanford.edu/people/rak248/VG_100K/16.jpg,800,600,1060820,car,81,194,161,167
16,https://cs.stanford.edu/people/rak248/VG_100K/16.jpg,800,600,1060821,skyscraper,7,8,68,174
16,https://cs.stanford.edu/people/rak248/VG_100K/16.jpg,800,600,1060822,line,15,230,125,64
16,https://cs.stanford.edu/people/rak248/VG_100K/16.jpg,800,600,1060823,traffic cone,144,210,26,20
16,https://cs.stanford.edu/people/rak248/VG_100K/16.jpg,800,600,1060824,crane,301,4,73,79
16,https://cs.stanford.edu/people/rak248/VG_100K/16.jpg,800,600,1060825,light,49,68,58,45
16,https://cs.stanford.edu/people/rak248/VG_100K/16.jpg,800,600,1060826,fence,315,197,67,32
16,https://cs.stanford.edu/people/rak248/VG_100K/16.jpg,800,600,1060827,tree,49,118,63,108
16,https://cs.stanford.edu/people/rak248/VG_100K/16.jpg,800,600,1060828,cone,129,209,52,22
17,https://cs.stanford.edu/people/rak248/VG_100K/17.jpg,800,640,5389,screens are off.,39,248,453,108
17,https://cs.stanford.edu/people/rak248/VG_100K/17.jpg,800,640,5390,paintings on wall.,37,82,762,185
17,https://cs.stanford.edu/people/rak248/VG_100K/17.jpg,800,640,3798589,painting,210,157,77,82
17,https://cs.stanford.edu/people/rak248/VG_100K/17.jpg,800,640,3798590,wall,172,113,117,133
17,https://cs.stanford.edu/people/rak248/VG_100K/17.jpg,800,640,5391,floor is wood.,146,448,180,145
17,https://cs.stanford.edu/people/rak248/VG_100K/17.jpg,800,640,5392,see wood floors.,110,504,599,132
17,https://cs.stanford.edu/people/rak248/VG_100K/17.jpg,800,640,5393,chair is black.,195,331,174,235
17,https://cs.stanford.edu/people/rak248/VG_100K/17.jpg,800,640,3798591,computer chair,180,306,181,273
17,https://cs.stanford.edu/people/rak248/VG_100K/17.jpg,800,640,5394,desk has curves.,149,327,364,76
17,https://cs.stanford.edu/people/rak248/VG_100K/17.jpg,800,640,3798592,desk,130,298,385,106
17,https://cs.stanford.edu/people/rak248/VG_100K/17.jpg,800,640,5395,chair is empty.,3,443,75,135
17,https://cs.stanford.edu/people/rak248/VG_100K/17.jpg,800,640,3798593,chair,0,443,103,178
17,https://cs.stanford.edu/people/rak248/VG_100K/17.jpg,800,640,5396,screen is black.,313,243,176,111
17,https://cs.stanford.edu/people/rak248/VG_100K/17.jpg,800,640,5397,monitor off.,318,244,107,73
17,https://cs.stanford.edu/people/rak248/VG_100K/17.jpg,800,640,5398,sign is blue.,226,163,59,78
17,https://cs.stanford.edu/people/rak248/VG_100K/17.jpg,800,640,5399,wall sign is blue.,238,165,35,61
17,https://cs.stanford.edu/people/rak248/VG_100K/17.jpg,800,640,5400,painting on wall.,753,82,47,106
17,https://cs.stanford.edu/people/rak248/VG_100K/17.jpg,800,640,5401,keys on board white.,285,348,104,32
17,https://cs.stanford.edu/people/rak248/VG_100K/17.jpg,800,640,3798594,keyboard,275,333,129,56
17,https://cs.stanford.edu/people/rak248/VG_100K/17.jpg,800,640,5402,chair rolls.,201,332,133,158
17,https://cs.stanford.edu/people/rak248/VG_100K/17.jpg,800,640,5403,see tan chair.,2,435,90,192
17,https://cs.stanford.edu/people/rak248/VG_100K/17.jpg,800,640,5404,poster with letters.,48,91,113,194
17,https://cs.stanford.edu/people/rak248/VG_100K/17.jpg,800,640,5405,desk has tv.,505,163,246,402
17,https://cs.stanford.edu/people/rak248/VG_100K/17.jpg,800,640,5406,white desk has tv.,332,99,466,442
17,https://cs.stanford.edu/people/rak248/VG_100K/17.jpg,800,640,3798621,computer,294,241,128,85
17,https://cs.stanford.edu/people/rak248/VG_100K/17.jpg,800,640,3798620,laptop,381,248,97,84
17,https://cs.stanford.edu/people/rak248/VG_100K/17.jpg,800,640,3798619,desk,138,290,388,192
17,https://cs.stanford.edu/people/rak248/VG_100K/17.jpg,800,640,5407,laptop is silver.,404,243,63,97
17,https://cs.stanford.edu/people/rak248/VG_100K/17.jpg,800,640,5408,laptop not green.,410,259,75,86
17,https://cs.stanford.edu/people/rak248/VG_100K/17.jpg,800,640,5409,see cupboard.,7,331,191,224
17,https://cs.stanford.edu/people/rak248/VG_100K/17.jpg,800,640,5410,cupboard not white.,656,272,88,195
17,https://cs.stanford.edu/people/rak248/VG_100K/17.jpg,800,640,5411,see lamp.,192,231,40,109
17,https://cs.stanford.edu/people/rak248/VG_100K/17.jpg,800,640,3798623,poster,231,167,45,71
17,https://cs.stanford.edu/people/rak248/VG_100K/17.jpg,800,640,3798622,heart,233,174,32,24
17,https://cs.stanford.edu/people/rak248/VG_100K/17.jpg,800,640,5412,star is black.,293,230,27,32
17,https://cs.stanford.edu/people/rak248/VG_100K/17.jpg,800,640,5413,black star here.,291,226,36,31
17,https://cs.stanford.edu/people/rak248/VG_100K/17.jpg,800,640,5414,"star noted, black.",295,230,17,26
17,https://cs.stanford.edu/people/rak248/VG_100K/17.jpg,800,640,5415,star shows black.,289,234,28,23
17,https://cs.stanford.edu/people/rak248/VG_100K/17.jpg,800,640,1060859,tile,5,419,792,216
17,https://cs.stanford.edu/people/rak248/VG_100K/17.jpg,800,640,1060860,wall,10,10,789,465
17,https://cs.stanford.edu/people/rak248/VG_100K/17.jpg,800,640,1060849,laptop,404,243,63,97
17,https://cs.stanford.edu/people/rak248/VG_100K/17.jpg,800,640,1060862,picture,6,6,778,606
17,https://cs.stanford.edu/people/rak248/VG_100K/17.jpg,800,640,1060861,monitor,5,289,130,111
17,https://cs.stanford.edu/people/rak248/VG_100K/17.jpg,800,640,1060833,chair,195,331,174,235
17,https://cs.stanford.edu/people/rak248/VG_100K/17.jpg,800,640,1060863,poster,348,94,98,162
17,https://cs.stanford.edu/people/rak248/VG_100K/17.jpg,800,640,1060845,poster,48,91,113,194
17,https://cs.stanford.edu/people/rak248/VG_100K/17.jpg,800,640,1060864,chair,200,331,157,232
17,https://cs.stanford.edu/people/rak248/VG_100K/17.jpg,800,640,1060866,desk,134,321,379,125
17,https://cs.stanford.edu/people/rak248/VG_100K/17.jpg,800,640,1060865,lampstand,197,247,29,90
17,https://cs.stanford.edu/people/rak248/VG_100K/17.jpg,800,640,1060867,laptop,388,252,83,79
17,https://cs.stanford.edu/people/rak248/VG_100K/17.jpg,800,640,1060868,chairs,6,329,367,307
17,https://cs.stanford.edu/people/rak248/VG_100K/17.jpg,800,640,1060869,keyboard,292,347,92,22
17,https://cs.stanford.edu/people/rak248/VG_100K/17.jpg,800,640,1060835,chair,3,443,75,135
17,https://cs.stanford.edu/people/rak248/VG_100K/17.jpg,800,640,1060870,alphabet,63,102,62,128
17,https://cs.stanford.edu/people/rak248/VG_100K/17.jpg,800,640,1060837,monitor,318,244,107,73
17,https://cs.stanford.edu/people/rak248/VG_100K/17.jpg,800,640,1060853,lamp,192,231,40,109
17,https://cs.stanford.edu/people/rak248/VG_100K/17.jpg,800,640,1060871,bending rules,348,102,88,21
17,https://cs.stanford.edu/people/rak248/VG_100K/17.jpg,800,640,1060872,cabinet,95,372,70,137
17,https://cs.stanford.edu/people/rak248/VG_100K/17.jpg,800,640,1060874,door,670,287,36,229
17,https://cs.stanford.edu/people/rak248/VG_100K/17.jpg,800,640,1060873,cabinet,637,275,93,258
17,https://cs.stanford.edu/people/rak248/VG_100K/17.jpg,800,640,1060875,phone,254,312,38,24
17,https://cs.stanford.edu/people/rak248/VG_100K/17.jpg,800,640,1060839,picture,238,165,35,61
17,https://cs.stanford.edu/people/rak248/VG_100K/17.jpg,800,640,1060876,vent,283,390,58,42
17,https://cs.stanford.edu/people/rak248/VG_100K/17.jpg,800,640,1060877,star,287,237,23,14
17,https://cs.stanford.edu/people/rak248/VG_100K/17.jpg,800,640,1060857,star,295,230,17,26
17,https://cs.stanford.edu/people/rak248/VG_100K/17.jpg,800,640,1060878,wheels,204,496,154,67
17,https://cs.stanford.edu/people/rak248/VG_100K/17.jpg,800,640,1060879,stand,401,319,67,25
17,https://cs.stanford.edu/people/rak248/VG_100K/17.jpg,800,640,1060880,mouse,380,361,16,18
17,https://cs.stanford.edu/people/rak248/VG_100K/17.jpg,800,640,1060881,lights,339,264,62,49
17,https://cs.stanford.edu/people/rak248/VG_100K/17.jpg,800,640,1060882,thing,490,89,277,353
17,https://cs.stanford.edu/people/rak248/VG_100K/17.jpg,800,640,1060844,chair,2,435,90,192
18,https://cs.stanford.edu/people/rak248/VG_100K/18.jpg,800,600,1060883,hair,690,268,48,62
18,https://cs.stanford.edu/people/rak248/VG_100K/18.jpg,800,600,1060902,man,641,267,146,296
18,https://cs.stanford.edu/people/rak248/VG_100K/18.jpg,800,600,1060885,computer,329,250,136,110
18,https://cs.stanford.edu/people/rak248/VG_100K/18.jpg,800,600,5419,bottle,116,366,39,74
18,https://cs.stanford.edu/people/rak248/VG_100K/18.jpg,800,600,5420,soda,124,424,25,15
18,https://cs.stanford.edu/people/rak248/VG_100K/18.jpg,800,600,1060888,can,310,352,26,43
18,https://cs.stanford.edu/people/rak248/VG_100K/18.jpg,800,600,1060910,table,3,328,562,142
18,https://cs.stanford.edu/people/rak248/VG_100K/18.jpg,800,600,1060891,monitor,753,260,46,140
18,https://cs.stanford.edu/people/rak248/VG_100K/18.jpg,800,600,1060892,keyboard,354,366,122,26
18,https://cs.stanford.edu/people/rak248/VG_100K/18.jpg,800,600,1060893,shelf,451,108,185,271
18,https://cs.stanford.edu/people/rak248/VG_100K/18.jpg,800,600,1060895,window,5,7,302,337
18,https://cs.stanford.edu/people/rak248/VG_100K/18.jpg,800,600,5427,there,5,3,777,596
18,https://cs.stanford.edu/people/rak248/VG_100K/18.jpg,800,600,1060900,mug,87,403,33,47
18,https://cs.stanford.edu/people/rak248/VG_100K/18.jpg,800,600,5429,mouse,37,467,44,25
18,https://cs.stanford.edu/people/rak248/VG_100K/18.jpg,800,600,1060905,cpu,395,421,116,115
18,https://cs.stanford.edu/people/rak248/VG_100K/18.jpg,800,600,5431,tissue,165,348,44,29
18,https://cs.stanford.edu/people/rak248/VG_100K/18.jpg,800,600,5432,bag,9,361,72,87
18,https://cs.stanford.edu/people/rak248/VG_100K/18.jpg,800,600,5433,helmet,472,143,45,39
18,https://cs.stanford.edu/people/rak248/VG_100K/18.jpg,800,600,1060913,floor,180,481,477,118
18,https://cs.stanford.edu/people/rak248/VG_100K/18.jpg,800,600,1060914,books,587,106,34,83
18,https://cs.stanford.edu/people/rak248/VG_100K/18.jpg,800,600,1060889,desk,3,328,562,142
18,https://cs.stanford.edu/people/rak248/VG_100K/18.jpg,800,600,1060915,shirt,622,350,176,172
18,https://cs.stanford.edu/people/rak248/VG_100K/18.jpg,800,600,1060916,wall,320,7,421,326
18,https://cs.stanford.edu/people/rak248/VG_100K/18.jpg,800,600,1060917,chair,594,392,169,189
19,https://cs.stanford.edu/people/rak248/VG_100K/19.jpg,800,600,1060928,mouse,320,467,37,24
19,https://cs.stanford.edu/people/rak248/VG_100K/19.jpg,800,600,5435,mousepad,289,468,85,31
19,https://cs.stanford.edu/people/rak248/VG_100K/19.jpg,800,600,5436,computer monitor,133,304,173,141
19,https://cs.stanford.edu/people/rak248/VG_100K/19.jpg,800,600,1060922,tape,306,232,22,50
19,https://cs.stanford.edu/people/rak248/VG_100K/19.jpg,800,600,1060923,tape,342,233,17,35
19,https://cs.stanford.edu/people/rak248/VG_100K/19.jpg,800,600,5440,tape,402,233,13,28
19,https://cs.stanford.edu/people/rak248/VG_100K/19.jpg,800,600,5441,tape,449,234,13,37
19,https://cs.stanford.edu/people/rak248/VG_100K/19.jpg,800,600,1060926,tape,500,229,15,26
19,https://cs.stanford.edu/people/rak248/VG_100K/19.jpg,800,600,1060942,wall,64,2,725,378
19,https://cs.stanford.edu/people/rak248/VG_100K/19.jpg,800,600,5443,connection wire,311,439,137,39
19,https://cs.stanford.edu/people/rak248/VG_100K/19.jpg,800,600,1060930,keyboard,120,454,175,33
19,https://cs.stanford.edu/people/rak248/VG_100K/19.jpg,800,600,5445,connection wire,275,401,66,69
19,https://cs.stanford.edu/people/rak248/VG_100K/19.jpg,800,600,5446,electrical outlet,192,231,21,39
19,https://cs.stanford.edu/people/rak248/VG_100K/19.jpg,800,600,5447,computer screen,169,262,128,52
19,https://cs.stanford.edu/people/rak248/VG_100K/19.jpg,800,600,5448,tube,256,232,393,31
19,https://cs.stanford.edu/people/rak248/VG_100K/19.jpg,800,600,5449,wires,250,239,410,24
19,https://cs.stanford.edu/people/rak248/VG_100K/19.jpg,800,600,5450,computer mouse,718,447,28,27
19,https://cs.stanford.edu/people/rak248/VG_100K/19.jpg,800,600,5451,mousepad,706,448,91,37
19,https://cs.stanford.edu/people/rak248/VG_100K/19.jpg,800,600,5452,computer printer,3,335,151,151
19,https://cs.stanford.edu/people/rak248/VG_100K/19.jpg,800,600,5453,office,6,17,782,571
19,https://cs.stanford.edu/people/rak248/VG_100K/19.jpg,800,600,1060961,desk,1,338,798,191
19,https://cs.stanford.edu/people/rak248/VG_100K/19.jpg,800,600,5455,desktop computer,134,299,169,192
19,https://cs.stanford.edu/people/rak248/VG_100K/19.jpg,800,600,5456,desktop computer,500,252,180,206
19,https://cs.stanford.edu/people/rak248/VG_100K/19.jpg,800,600,5457,desktop computer,167,258,249,145
19,https://cs.stanford.edu/people/rak248/VG_100K/19.jpg,800,600,5458,desktop computer,445,244,131,159
19,https://cs.stanford.edu/people/rak248/VG_100K/19.jpg,800,600,5459,printer cable,662,330,98,81
19,https://cs.stanford.edu/people/rak248/VG_100K/19.jpg,800,600,5460,keyboard,516,447,188,40
19,https://cs.stanford.edu/people/rak248/VG_100K/19.jpg,800,600,5461,cable,664,398,89,67
19,https://cs.stanford.edu/people/rak248/VG_100K/19.jpg,800,600,1060959,chair,33,523,260,75
19,https://cs.stanford.edu/people/rak248/VG_100K/19.jpg,800,600,5463,computer monitor,519,244,143,143
19,https://cs.stanford.edu/people/rak248/VG_100K/19.jpg,800,600,1024429,printer,3,335,151,151
19,https://cs.stanford.edu/people/rak248/VG_100K/19.jpg,800,600,1060947,monitor,500,252,180,206
19,https://cs.stanford.edu/people/rak248/VG_100K/19.jpg,800,600,1060963,monitor,519,244,143,143
19,https://cs.stanford.edu/people/rak248/VG_100K/19.jpg,800,600,1060970,desk,395,391,403,134
19,https://cs.stanford.edu/people/rak248/VG_100K/19.jpg,800,600,1060972,electonics,447,236,351,269
19,https://cs.stanford.edu/people/rak248/VG_100K/19.jpg,800,600,1060971,cords,670,383,98,68
19,https://cs.stanford.edu/people/rak248/VG_100K/19.jpg,800,600,1060973,speaker,427,339,40,63
19,https://cs.stanford.edu/people/rak248/VG_100K/19.jpg,800,600,1060920,monitor,133,304,173,141
19,https://cs.stanford.edu/people/rak248/VG_100K/19.jpg,800,600,1024456,computer,301,332,108,74
19,https://cs.stanford.edu/people/rak248/VG_100K/19.jpg,800,600,1024455,computer,498,364,170,87
19,https://cs.stanford.edu/people/rak248/VG_100K/19.jpg,800,600,1024454,printer,691,279,98,113
19,https://cs.stanford.edu/people/rak248/VG_100K/19.jpg,800,600,1060939,mouse,718,447,28,27
19,https://cs.stanford.edu/people/rak248/VG_100K/19.jpg,800,600,1060937,pipe,256,232,393,31
19,https://cs.stanford.edu/people/rak248/VG_100K/19.jpg,800,600,1060975,hallway,4,5,83,313
19,https://cs.stanford.edu/people/rak248/VG_100K/19.jpg,800,600,1060974,fire alarm,59,145,18,28
19,https://cs.stanford.edu/people/rak248/VG_100K/19.jpg,800,600,1060976,cords,251,226,406,25
19,https://cs.stanford.edu/people/rak248/VG_100K/19.jpg,800,600,1060977,mouse,710,445,41,33
19,https://cs.stanford.edu/people/rak248/VG_100K/19.jpg,800,600,1060943,scene,6,17,782,571
19,https://cs.stanford.edu/people/rak248/VG_100K/19.jpg,800,600,1060978,cables,288,514,414,85
19,https://cs.stanford.edu/people/rak248/VG_100K/19.jpg,800,600,1060979,computers,115,224,578,262
19,https://cs.stanford.edu/people/rak248/VG_100K/19.jpg,800,600,1060980,roof,6,2,789,50
19,https://cs.stanford.edu/people/rak248/VG_100K/19.jpg,800,600,1060981,wall,1,408,797,103
20,https://cs.stanford.edu/people/rak248/VG_100K/20.jpg,800,600,1061006,picture,12,6,778,584
20,https://cs.stanford.edu/people/rak248/VG_100K/20.jpg,800,600,1061007,books,616,24,174,70
20,https://cs.stanford.edu/people/rak248/VG_100K/20.jpg,800,600,5466,self,606,110,192,15
20,https://cs.stanford.edu/people/rak248/VG_100K/20.jpg,800,600,1061011,books,659,163,140,137
20,https://cs.stanford.edu/people/rak248/VG_100K/20.jpg,800,600,1060987,shelf,629,270,159,97
20,https://cs.stanford.edu/people/rak248/VG_100K/20.jpg,800,600,1060988,computer,217,239,156,163
20,https://cs.stanford.edu/people/rak248/VG_100K/20.jpg,800,600,1060989,desk,80,357,433,66
20,https://cs.stanford.edu/people/rak248/VG_100K/20.jpg,800,600,5471,wall,11,7,119,68
20,https://cs.stanford.edu/people/rak248/VG_100K/20.jpg,800,600,5472,wall,541,6,76,336
20,https://cs.stanford.edu/people/rak248/VG_100K/20.jpg,800,600,1060992,one person,118,237,167,273
20,https://cs.stanford.edu/people/rak248/VG_100K/20.jpg,800,600,1060994,bottle,410,324,33,70
20,https://cs.stanford.edu/people/rak248/VG_100K/20.jpg,800,600,1061015,hair,142,231,79,78
20,https://cs.stanford.edu/people/rak248/VG_100K/20.jpg,800,600,1061016,telephone,537,350,71,55
20,https://cs.stanford.edu/people/rak248/VG_100K/20.jpg,800,600,1061013,man,73,231,231,340
20,https://cs.stanford.edu/people/rak248/VG_100K/20.jpg,800,600,1061017,shirt,88,332,196,144
20,https://cs.stanford.edu/people/rak248/VG_100K/20.jpg,800,600,1061019,bookshelf,623,110,169,44
20,https://cs.stanford.edu/people/rak248/VG_100K/20.jpg,800,600,1061018,book,619,25,21,102
20,https://cs.stanford.edu/people/rak248/VG_100K/20.jpg,800,600,1061020,mouse,368,385,22,18
20,https://cs.stanford.edu/people/rak248/VG_100K/20.jpg,800,600,1061022,back,64,382,185,187
20,https://cs.stanford.edu/people/rak248/VG_100K/20.jpg,800,600,1061021,chair,61,385,262,214
20,https://cs.stanford.edu/people/rak248/VG_100K/20.jpg,800,600,1061023,mug,618,213,32,42
20,https://cs.stanford.edu/people/rak248/VG_100K/20.jpg,800,600,1061024,tape dispenser,658,237,34,43
20,https://cs.stanford.edu/people/rak248/VG_100K/20.jpg,800,600,1061025,can,75,361,25,37
20,https://cs.stanford.edu/people/rak248/VG_100K/20.jpg,800,600,1061027,keyboard,262,378,95,30
20,https://cs.stanford.edu/people/rak248/VG_100K/20.jpg,800,600,1061026,keyboard,279,433,50,29
20,https://cs.stanford.edu/people/rak248/VG_100K/20.jpg,800,600,1061028,boxes,596,419,128,180
20,https://cs.stanford.edu/people/rak248/VG_100K/20.jpg,800,600,1061029,file cabinet,393,421,114,177
20,https://cs.stanford.edu/people/rak248/VG_100K/20.jpg,800,600,1061031,mouse pad,330,448,84,40
20,https://cs.stanford.edu/people/rak248/VG_100K/20.jpg,800,600,1061030,mouse,347,449,39,25
20,https://cs.stanford.edu/people/rak248/VG_100K/20.jpg,800,600,1061032,table,275,386,235,37
20,https://cs.stanford.edu/people/rak248/VG_100K/20.jpg,800,600,1061034,socket,717,532,13,47
20,https://cs.stanford.edu/people/rak248/VG_100K/20.jpg,800,600,1061033,plug,701,543,23,18
20,https://cs.stanford.edu/people/rak248/VG_100K/20.jpg,800,600,1061035,books,346,351,64,32
20,https://cs.stanford.edu/people/rak248/VG_100K/20.jpg,800,600,1061036,time,157,1,362,224
20,https://cs.stanford.edu/people/rak248/VG_100K/20.jpg,800,600,1061037,case,14,351,59,38
20,https://cs.stanford.edu/people/rak248/VG_100K/20.jpg,800,600,1061014,window,339,5,181,309
20,https://cs.stanford.edu/people/rak248/VG_100K/20.jpg,800,600,1061038,self,708,294,86,98
20,https://cs.stanford.edu/people/rak248/VG_100K/20.jpg,800,600,1061039,shutter,345,0,170,314
